,league_id,league_name,league_country,league_logo,league_flag,league_season,team_id,team_name,team_logo,form,fixtures_played_home,fixtures_played_away,fixtures_played_total,fixtures_wins_home,fixtures_wins_away,fixtures_wins_total,fixtures_draws_home,fixtures_draws_away,fixtures_draws_total,fixtures_loses_home,fixtures_loses_away,fixtures_loses_total,goals_for_total_home,goals_for_total_away,goals_for_total_total,goals_for_average_home,goals_for_average_away,goals_for_average_total,goals_for_minute_0-15_total,goals_for_minute_0-15_percentage,goals_for_minute_16-30_total,goals_for_minute_16-30_percentage,goals_for_minute_31-45_total,goals_for_minute_31-45_percentage,goals_for_minute_46-60_total,goals_for_minute_46-60_percentage,goals_for_minute_61-75_total,goals_for_minute_61-75_percentage,goals_for_minute_76-90_total,goals_for_minute_76-90_percentage,goals_for_minute_91-105_total,goals_for_minute_91-105_percentage,goals_for_minute_106-120_total,goals_for_minute_106-120_percentage,goals_against_total_home,goals_against_total_away,goals_against_total_total,goals_against_average_home,goals_against_average_away,goals_against_average_total,goals_against_minute_0-15_total,goals_against_minute_0-15_percentage,goals_against_minute_16-30_total,goals_against_minute_16-30_percentage,goals_against_minute_31-45_total,goals_against_minute_31-45_percentage,goals_against_minute_46-60_total,goals_against_minute_46-60_percentage,goals_against_minute_61-75_total,goals_against_minute_61-75_percentage,goals_against_minute_76-90_total,goals_against_minute_76-90_percentage,goals_against_minute_91-105_total,goals_against_minute_91-105_percentage,goals_against_minute_106-120_total,goals_against_minute_106-120_percentage,biggest_streak_wins,biggest_streak_draws,biggest_streak_loses,biggest_wins_home,biggest_wins_away,biggest_loses_home,biggest_loses_away,biggest_goals_for_home,biggest_goals_for_away,biggest_goals_against_home,biggest_goals_against_away,clean_sheet_home,clean_sheet_away,clean_sheet_total,failed_to_score_home,failed_to_score_away,failed_to_score_total,penalty_scored_total,penalty_scored_percentage,penalty_missed_total,penalty_missed_percentage,penalty_total,lineups,cards_yellow_0-15_total,cards_yellow_0-15_percentage,cards_yellow_16-30_total,cards_yellow_16-30_percentage,cards_yellow_31-45_total,cards_yellow_31-45_percentage,cards_yellow_46-60_total,cards_yellow_46-60_percentage,cards_yellow_61-75_total,cards_yellow_61-75_percentage,cards_yellow_76-90_total,cards_yellow_76-90_percentage,cards_yellow_91-105_total,cards_yellow_91-105_percentage,cards_yellow_106-120_total,cards_yellow_106-120_percentage,cards_yellow__total,cards_yellow__percentage,cards_red_0-15_total,cards_red_0-15_percentage,cards_red_16-30_total,cards_red_16-30_percentage,cards_red_31-45_total,cards_red_31-45_percentage,cards_red_46-60_total,cards_red_46-60_percentage,cards_red_61-75_total,cards_red_61-75_percentage,cards_red_76-90_total,cards_red_76-90_percentage,cards_red_91-105_total,cards_red_91-105_percentage,cards_red_106-120_total,cards_red_106-120_percentage
0,39,Premier League,England,https://media.api-sports.io/football/leagues/39.png,https://media.api-sports.io/flags/gb.svg,2023,33,Manchester United,https://media.api-sports.io/football/teams/33.png,WLWLLWLWWLWWWLWLDLWLDWWWWLLWDLDDWDLLW,19,18,37,10,7,17,3,3,6,6,8,14,31,24,55,1.6,1.3,1.5,7,12.50%,7,12.50%,8,14.29%,7,12.50%,9,16.07%,13,23.21%,5,8.93%,,,28,30,58,1.5,1.7,1.6,6,10.53%,12,21.05%,5,8.77%,9,15.79%,9,15.79%,7,12.28%,9,15.79%,,,4,2,2,3-0,0-3,0-3,4-0,4,4,3,4,4,4,8,4,5,9,6,100.00%,0,0%,6,"[{'formation': '4-2-3-1', 'played': 32}, {'formation': '4-3-1-2', 'played': 2}, {'formation': '4-1-4-1', 'played': 1}, {'formation': '4-2-4', 'played': 1}, {'formation': '4-2-2-2', 'played': 1}]",4,5.00%,7,8.75%,13,16.25%,11,13.75%,10,12.50%,16,20.00%,18,22.50%,,,1.0,1.25%,,,,,,,,,,,,,1,100.00%,,
1,39,Premier League,England,https://media.api-sports.io/football/leagues/39.png,https://media.api-sports.io/flags/gb.svg,2023,34,Newcastle,https://media.api-sports.io/football/teams/34.png,WLLLWWWDWDWLWWLLWLLLLWDWDLWLWDWWLWWDL,19,18,37,12,5,17,4,2,6,3,11,14,49,32,81,2.6,1.8,2.2,9,11.25%,10,12.50%,13,16.25%,15,18.75%,14,17.50%,13,16.25%,6,7.50%,,,22,38,60,1.2,2.1,1.6,4,6.56%,10,16.39%,5,8.20%,15,24.59%,12,19.67%,12,19.67%,3,4.92%,,,3,1,4,5-1,0-8,1-3,4-1,5,8,4,4,8,2,10,0,5,5,8,100.00%,0,0%,8,"[{'formation': '4-3-3', 'played': 35}, {'formation': '3-4-2-1', 'played': 1}, {'formation': '4-4-2', 'played': 1}]",,,10,13.51%,7,9.46%,14,18.92%,10,13.51%,18,24.32%,15,20.27%,,,,,,,,,,,,,,,,,1,100.00%,,
2,39,Premier League,England,https://media.api-sports.io/football/leagues/39.png,https://media.api-sports.io/flags/gb.svg,2023,35,Bournemouth,https://media.api-sports.io/football/teams/35.png,DLLDDLLLLWLWWDWWWWLLDDLDLWDWWWLDLWWLL,19,18,37,7,6,13,6,3,9,6,9,15,27,26,53,1.4,1.4,1.4,8,15.09%,6,11.32%,4,7.55%,12,22.64%,10,18.87%,9,16.98%,4,7.55%,,,28,37,65,1.5,2.1,1.8,6,9.23%,7,10.77%,10,15.38%,12,18.46%,11,16.92%,11,16.92%,8,12.31%,,,4,2,4,3-0,0-3,0-4,6-1,4,3,4,6,5,4,9,5,2,7,2,100.00%,0,0%,2,"[{'formation': '4-2-3-1', 'played': 33}, {'formation': '4-3-3', 'played': 2}, {'formation': '5-4-1', 'played': 1}, {'formation': '4-4-2', 'played': 1}]",4,5.26%,9,11.84%,12,15.79%,15,19.74%,14,18.42%,14,18.42%,7,9.21%,,,1.0,1.32%,,,,,,,1,33.33%,,,2,66.67%,,,,
3,39,Premier League,England,https://media.api-sports.io/football/leagues/39.png,https://media.api-sports.io/flags/gb.svg,2023,36,Fulham,https://media.api-sports.io/football/teams/36.png,WLDLWDLWLDLLWLWWLLLWLDDWLWWLWDLLWLDDL,19,18,37,9,3,12,2,6,8,8,9,17,31,20,51,1.6,1.1,1.4,4,7.41%,9,16.67%,7,12.96%,11,20.37%,12,22.22%,5,9.26%,6,11.11%,,,24,35,59,1.3,1.9,1.6,3,5.36%,6,10.71%,7,12.50%,13,23.21%,14,25.00%,7,12.50%,6,10.71%,,,2,2,3,5-0,0-2,0-4,5-1,5,3,4,5,6,4,10,7,6,13,2,100.00%,0,0%,2,"[{'formation': '4-2-3-1', 'played': 29}, {'formation': '4-3-3', 'played': 8}]",1,1.25%,8,10.00%,7,8.75%,14,17.50%,16,20.00%,20,25.00%,13,16.25%,,,1.0,1.25%,,,1,25.00%,,,,,1,25.00%,1,25.00%,1,25.00%,,
4,39,Premier League,England,https://media.api-sports.io/football/leagues/39.png,https://media.api-sports.io/flags/gb.svg,2023,39,Wolves,https://media.api-sports.io/football/teams/39.png,LLWLLDWDWDLWLLWDLWWWDLWLWWLWLDLDLLWLL,19,18,37,8,5,13,3,4,7,8,9,17,26,24,50,1.4,1.3,1.4,3,6.25%,5,10.42%,7,14.58%,9,18.75%,11,22.92%,7,14.58%,6,12.50%,,,30,33,63,1.6,1.8,1.7,10,15.38%,8,12.31%,9,13.85%,14,21.54%,8,12.31%,9,13.85%,7,10.77%,,,3,1,2,3-0,1-4,1-4,5-1,3,4,4,5,3,2,5,3,5,8,4,100.00%,0,0%,4,"[{'formation': '3-4-2-1', 'played': 12}, {'formation': '3-4-3', 'played': 6}, {'formation': '4-4-1-1', 'played': 5}, {'formation': '3-5-2', 'played': 4}, {'formation': '4-4-2', 'played': 3}, {'formation': '4-2-3-1', 'played': 3}, {'formation': '3-5-1-1', 'played': 2}, {'formation': '4-1-4-1', 'played': 1}, {'formation': '3-4-1-2', 'played': 1}]",1,0.98%,11,10.78%,15,14.71%,21,20.59%,16,15.69%,19,18.63%,16,15.69%,,,3.0,2.94%,,,,,1,33.33%,,,,,,,2,66.67%,,
5,39,Premier League,England,https://media.api-sports.io/football/leagues/39.png,https://media.api-sports.io/flags/gb.svg,2023,40,Liverpool,https://media.api-sports.io/football/teams/40.png,DWWWWWLDWWDWDWWWDDWWWWLWWWWDWWDLWLDWD,18,19,37,14,9,23,3,7,10,1,3,4,47,37,84,2.6,1.9,2.3,2,2.50%,10,12.50%,12,15.00%,18,22.50%,11,13.75%,19,23.75%,8,10.00%,,,17,24,41,0.9,1.3,1.1,9,20.00%,8,17.78%,5,11.11%,7,15.56%,6,13.33%,8,17.78%,2,4.44%,,,5,2,1,4-1,0-4,0-1,3-1,4,4,3,3,5,4,9,2,1,3,6,100.00%,0,0%,6,"[{'formation': '4-3-3', 'played': 37}]",5,7.35%,5,7.35%,8,11.76%,11,16.18%,12,17.65%,15,22.06%,12,17.65%,,,,,,,2,40.00%,,,1,20.00%,1,20.00%,1,20.00%,,,,
6,39,Premier League,England,https://media.api-sports.io/football/leagues/39.png,https://media.api-sports.io/flags/gb.svg,2023,42,Arsenal,https://media.api-sports.io/football/teams/42.png,WWDWWDWWDWLWWWWLWDLLWWWWWWWWDWWLWWWWW,18,19,37,14,13,27,2,3,5,2,3,5,46,43,89,2.6,2.3,2.4,10,11.76%,11,12.94%,13,15.29%,16,18.82%,16,18.82%,9,10.59%,10,11.76%,,,15,13,28,0.8,0.7,0.8,6,18.75%,6,18.75%,2,6.25%,8,25.00%,2,6.25%,8,25.00%,,,,,8,1,2,5-0,0-6,0-2,2-1,5,6,2,3,7,11,18,2,3,5,10,100.00%,0,0%,10,"[{'formation': '4-3-3', 'played': 37}]",5,8.33%,2,3.33%,11,18.33%,13,21.67%,9,15.00%,9,15.00%,11,18.33%,,,,,,,,,,,,,1,50.00%,1,50.00%,,,,
7,39,Premier League,England,https://media.api-sports.io/football/leagues/39.png,https://media.api-sports.io/flags/gb.svg,2023,44,Burnley,https://media.api-sports.io/football/teams/44.png,LLLDLLWLLLLLLWLDLWLLDLDLLLLDWDDLDWDLL,18,19,37,2,3,5,4,5,9,12,11,23,18,22,40,1.0,1.2,1.1,6,14.29%,2,4.76%,9,21.43%,7,16.67%,8,19.05%,7,16.67%,3,7.14%,,,41,35,76,2.3,1.8,2.1,6,8.11%,13,17.57%,10,13.51%,14,18.92%,12,16.22%,15,20.27%,4,5.41%,,,1,2,6,5-0,1-4,0-5,3-0,5,4,5,3,1,1,2,7,5,12,3,100.00%,0,0%,3,"[{'formation': '4-4-2', 'played': 28}, {'formation': '4-3-3', 'played': 4}, {'formation': '4-2-3-1', 'played': 4}, {'formation': '5-4-1', 'played': 1}]",7,9.21%,9,11.84%,13,17.11%,11,14.47%,15,19.74%,8,10.53%,13,17.11%,,,,,,,,,2,28.57%,1,14.29%,1,14.29%,1,14.29%,2,28.57%,,
8,39,Premier League,England,https://media.api-sports.io/football/leagues/39.png,https://media.api-sports.io/flags/gb.svg,2023,45,Everton,https://media.api-sports.io/football/teams/45.png,LLLDLWLWLWDWLWWWWLLLDDDLDDLLLDWLWWWDW,19,18,37,8,5,13,4,5,9,7,8,15,22,17,39,1.2,0.9,1.1,5,11.90%,7,16.67%,3,7.14%,10,23.81%,4,9.52%,9,21.43%,4,9.52%,,,18,31,49,0.9,1.7,1.3,7,15.22%,8,17.39%,6,13.04%,4,8.70%,13,28.26%,4,8.70%,4,8.70%,,,4,3,3,3-0,1-3,0-3,6-0,3,3,3,6,9,4,13,5,7,12,2,100.00%,0,0%,2,"[{'formation': '4-4-1-1', 'played': 27}, {'formation': '4-2-3-1', 'played': 4}, {'formation': '4-1-4-1', 'played': 3}, {'formation': '5-4-1', 'played': 2}, {'formation': '4-5-1', 'played': 1}]",5,6.33%,11,13.92%,13,16.46%,13,16.46%,9,11.39%,14,17.72%,13,16.46%,,,1.0,1.27%,,,,,1,100.00%,,,,,,,,,,
9,39,Premier League,England,https://media.api-sports.io/football/leagues/39.png,https://media.api-sports.io/flags/gb.svg,2023,47,Tottenham,https://media.api-sports.io/football/teams/47.png,DWWWWDWWWWLLLDLWWWLWDWDWLWWLWDWLLLLWL,19,18,37,13,6,19,0,6,6,6,6,12,38,33,71,2.0,1.8,1.9,11,15.94%,7,10.14%,6,8.70%,18,26.09%,10,14.49%,12,17.39%,5,7.25%,,,27,34,61,1.4,1.9,1.6,6,9.52%,11,17.46%,9,14.29%,12,19.05%,10,15.87%,5,7.94%,10,15.87%,,,4,1,4,4-1,0-4,1-4,4-0,4,5,4,4,2,4,6,1,3,4,2,100.00%,0,0%,2,"[{'formation': '4-2-3-1', 'played': 31}, {'formation': '4-3-3', 'played': 5}, {'formation': '4-3-1-2', 'played': 1}]",1,1.09%,8,8.70%,14,15.22%,23,25.00%,17,18.48%,16,17.39%,12,13.04%,,,1.0,1.09%,,,,,1,25.00%,2,50.00%,1,25.00%,,,,,,
10,39,Premier League,England,https://media.api-sports.io/football/leagues/39.png,https://media.api-sports.io/flags/gb.svg,2023,48,West Ham,https://media.api-sports.io/football/teams/48.png,DWWWLLWDLLLWWDWLWWWDDDLLLWWDDLDWLLDLW,19,18,37,7,7,14,8,2,10,4,9,13,31,28,59,1.6,1.6,1.6,7,11.48%,10,16.39%,7,11.48%,12,19.67%,12,19.67%,8,13.11%,5,8.20%,,,28,43,71,1.5,2.4,1.9,11,15.94%,7,10.14%,10,14.49%,14,20.29%,8,11.59%,16,23.19%,3,4.35%,,,3,3,3,3-0,1-3,0-6,5-0,4,3,6,5,4,1,5,4,4,8,4,100.00%,0,0%,4,"[{'formation': '4-2-3-1', 'played': 30}, {'formation': '4-4-1-1', 'played': 2}, {'formation': '4-1-4-1', 'played': 1}, {'formation': '4-4-2', 'played': 1}, {'formation': '4-3-3', 'played': 1}, {'formation': '4-3-2-1', 'played': 1}, {'formation': '4-5-1', 'played': 1}]",4,4.94%,7,8.64%,20,24.69%,12,14.81%,10,12.35%,17,20.99%,11,13.58%,,,,,,,,,,,,,2,66.67%,,,1,33.33%,,
11,39,Premier League,England,https://media.api-sports.io/football/leagues/39.png,https://media.api-sports.io/flags/gb.svg,2023,49,Chelsea,https://media.api-sports.io/football/teams/49.png,DLWLDLWWDLWDLWLLWLWWWLLWDDWDWDWLDWWWW,18,19,37,10,7,17,4,5,9,4,7,11,42,33,75,2.3,1.7,2.0,10,13.16%,14,18.42%,12,15.79%,7,9.21%,15,19.74%,10,13.16%,8,10.53%,,,25,37,62,1.4,1.9,1.7,5,8.20%,7,11.48%,8,13.11%,13,21.31%,10,16.39%,11,18.03%,7,11.48%,,,3,2,2,6-0,1-4,2-4,5-0,6,4,4,5,6,2,8,3,3,6,11,100.00%,0,0%,11,"[{'formation': '4-2-3-1', 'played': 30}, {'formation': '3-4-2-1', 'played': 4}, {'formation': '4-3-3', 'played': 2}, {'formation': '3-5-2', 'played': 1}]",5,4.67%,7,6.54%,28,26.17%,19,17.76%,12,11.21%,23,21.50%,10,9.35%,,,3.0,2.80%,,,,,1,25.00%,1,25.00%,1,25.00%,1,25.00%,,,,
12,39,Premier League,England,https://media.api-sports.io/football/leagues/39.png,https://media.api-sports.io/flags/gb.svg,2023,50,Manchester City,https://media.api-sports.io/football/teams/50.png,WWWWWWLLWWWDDDLWDWWWWWWDWWWDDWWWWWWWW,18,19,37,13,14,27,5,2,7,0,3,3,48,45,93,2.7,2.4,2.5,10,10.87%,13,14.13%,9,9.78%,19,20.65%,20,21.74%,15,16.30%,6,6.52%,,,15,18,33,0.8,0.9,0.9,5,14.71%,4,11.76%,6,17.65%,3,8.82%,6,17.65%,7,20.59%,3,8.82%,,,6,3,2,6-1,0-4,,2-1,6,4,3,4,6,7,13,1,2,3,9,100.00%,0,0%,9,"[{'formation': '4-2-3-1', 'played': 20}, {'formation': '3-2-4-1', 'played': 9}, {'formation': '4-1-4-1', 'played': 6}, {'formation': '4-3-3', 'played': 1}, {'formation': '3-4-2-1', 'played': 1}]",,,4,7.55%,9,16.98%,14,26.42%,7,13.21%,12,22.64%,7,13.21%,,,,,,,,,,,1,50.00%,,,,,1,50.00%,,
13,39,Premier League,England,https://media.api-sports.io/football/leagues/39.png,https://media.api-sports.io/flags/gb.svg,2023,51,Brighton,https://media.api-sports.io/football/teams/51.png,WWLWWWLDLDDDWLWDLDWDDLWLWDLWLDLDLLWDL,18,19,37,8,4,12,6,6,12,4,9,13,30,25,55,1.7,1.3,1.5,5,9.62%,11,21.15%,5,9.62%,9,17.31%,8,15.38%,10,19.23%,4,7.69%,,,25,35,60,1.4,1.8,1.6,7,11.11%,12,19.05%,7,11.11%,8,12.70%,15,23.81%,10,15.87%,4,6.35%,,,3,3,2,4-1,0-5,0-4,6-1,4,5,4,6,3,3,6,3,6,9,5,100.00%,0,0%,5,"[{'formation': '4-2-3-1', 'played': 29}, {'formation': '3-4-2-1', 'played': 4}, {'formation': '4-3-3', 'played': 2}, {'formation': '4-3-1-2', 'played': 2}]",5,5.62%,8,8.99%,9,10.11%,16,17.98%,19,21.35%,20,22.47%,12,13.48%,,,,,,,,,,,,,2,66.67%,1,33.33%,,,,
14,39,Premier League,England,https://media.api-sports.io/football/leagues/39.png,https://media.api-sports.io/flags/gb.svg,2023,52,Crystal Palace,https://media.api-sports.io/football/teams/52.png,WLDWLDWDLLWLLDLLDDLWLWLLDWLDDLLWWWDWW,18,19,37,7,5,12,4,6,10,7,8,15,32,20,52,1.8,1.1,1.4,8,15.09%,8,15.09%,3,5.66%,12,22.64%,10,18.87%,9,16.98%,3,5.66%,,,26,32,58,1.4,1.7,1.6,9,15.79%,5,8.77%,5,8.77%,8,14.04%,8,14.04%,12,21.05%,10,17.54%,,,3,2,2,4-0,1-3,2-4,5-0,5,3,4,5,5,4,9,4,3,7,4,100.00%,0,0%,4,"[{'formation': '4-2-3-1', 'played': 13}, {'formation': '3-4-2-1', 'played': 9}, {'formation': '4-3-3', 'played': 8}, {'formation': '3-4-3', 'played': 5}, {'formation': '5-4-1', 'played': 1}, {'formation': '4-1-4-1', 'played': 1}]",1,1.39%,8,11.11%,10,13.89%,16,22.22%,12,16.67%,12,16.67%,13,18.06%,,,,,,,,,,,,,1,50.00%,1,50.00%,,,,
15,39,Premier League,England,https://media.api-sports.io/football/leagues/39.png,https://media.api-sports.io/flags/gb.svg,2023,55,Brentford,https://media.api-sports.io/football/teams/55.png,DWDDLLDLWWWLLWLLLLLWLLWLLLDLLDDDWWLDW,18,19,37,5,5,10,7,2,9,6,12,18,27,27,54,1.5,1.4,1.5,5,9.62%,10,19.23%,4,7.69%,9,17.31%,11,21.15%,7,13.46%,6,11.54%,,,30,31,61,1.7,1.6,1.6,9,14.29%,5,7.94%,6,9.52%,13,20.63%,14,22.22%,12,19.05%,4,6.35%,,,3,3,5,3-0,1-5,1-4,3-0,3,5,4,4,4,3,7,3,5,8,3,100.00%,0,0%,3,"[{'formation': '3-5-2', 'played': 17}, {'formation': '4-3-3', 'played': 15}, {'formation': '5-3-2', 'played': 4}, {'formation': '4-4-2', 'played': 1}]",4,4.71%,7,8.24%,12,14.12%,14,16.47%,15,17.65%,19,22.35%,13,15.29%,,,1.0,1.18%,1,50.00%,,,,,,,1,50.00%,,,,,,
16,39,Premier League,England,https://media.api-sports.io/football/leagues/39.png,https://media.api-sports.io/flags/gb.svg,2023,62,Sheffield Utd,https://media.api-sports.io/football/teams/62.png,LLLDLLLLLLWDLLLWLDLLDLLWLLLDDLDLLLLLL,18,19,37,2,1,3,4,3,7,12,15,27,19,16,35,1.1,0.8,0.9,3,7.89%,4,10.53%,6,15.79%,5,13.16%,11,28.95%,5,13.16%,4,10.53%,,,54,47,101,3.0,2.5,2.7,10,10.20%,19,19.39%,9,9.18%,17,17.35%,19,19.39%,15,15.31%,9,9.18%,,,1,2,6,2-1,1-3,0-8,5-0,3,3,8,5,1,0,1,6,8,14,5,100.00%,0,0%,5,"[{'formation': '3-5-2', 'played': 16}, {'formation': '3-4-2-1', 'played': 8}, {'formation': '4-1-4-1', 'played': 4}, {'formation': '4-4-2', 'played': 3}, {'formation': '5-4-1', 'played': 2}, {'formation': '3-4-1-2', 'played': 1}, {'formation': '3-5-1-1', 'played': 1}, {'formation': '4-5-1', 'played': 1}, {'formation': '4-2-3-1', 'played': 1}]",2,2.02%,8,8.08%,19,19.19%,15,15.15%,21,21.21%,16,16.16%,17,17.17%,,,1.0,1.01%,1,20.00%,,,,,1,20.00%,,,,,3,60.00%,,
17,39,Premier League,England,https://media.api-sports.io/football/leagues/39.png,https://media.api-sports.io/flags/gb.svg,2023,65,Nottingham Forest,https://media.api-sports.io/football/teams/65.png,LWLWDLDDDLWLLLLDLLWWLLDLWLLLDDWLDLLWL,19,18,37,5,3,8,5,4,9,9,11,20,27,20,47,1.4,1.1,1.3,9,18.37%,6,12.24%,3,6.12%,15,30.61%,9,18.37%,6,12.24%,1,2.04%,,,30,36,66,1.6,2.0,1.8,8,12.50%,9,14.06%,10,15.63%,13,20.31%,11,17.19%,10,15.63%,3,4.69%,,,2,3,4,3-1,1-3,0-2,5-0,3,3,3,5,2,2,4,4,6,10,1,100.00%,0,0%,1,"[{'formation': '4-2-3-1', 'played': 19}, {'formation': '4-3-3', 'played': 7}, {'formation': '5-4-1', 'played': 4}, {'formation': '3-4-3', 'played': 2}, {'formation': '3-4-2-1', 'played': 2}, {'formation': '3-5-2', 'played': 2}, {'formation': '4-1-4-1', 'played': 1}]",5,6.10%,9,10.98%,9,10.98%,20,24.39%,8,9.76%,19,23.17%,10,12.20%,,,2.0,2.44%,,,1,33.33%,,,1,33.33%,1,33.33%,,,,,,
18,39,Premier League,England,https://media.api-sports.io/football/leagues/39.png,https://media.api-sports.io/flags/gb.svg,2023,66,Aston Villa,https://media.api-sports.io/football/teams/66.png,LWWLWWWDWWLWWDWWWDLWDLWLWWWLDWLDWWDLD,19,18,37,12,8,20,4,4,8,3,6,9,48,28,76,2.5,1.6,2.1,8,10.53%,18,23.68%,7,9.21%,11,14.47%,12,15.79%,16,21.05%,4,5.26%,,,28,28,56,1.5,1.6,1.5,6,10.71%,7,12.50%,5,8.93%,17,30.36%,12,21.43%,6,10.71%,3,5.36%,,,3,1,1,6-1,0-5,0-4,5-1,6,5,4,5,4,4,8,1,4,5,4,100.00%,0,0%,4,"[{'formation': '4-4-2', 'played': 14}, {'formation': '4-2-3-1', 'played': 13}, {'formation': '4-4-1-1', 'played': 6}, {'formation': '3-4-2-1', 'played': 1}, {'formation': '4-2-2-2', 'played': 1}, {'formation': '3-5-2', 'played': 1}, {'formation': '5-3-2', 'played': 1}]",5,5.56%,8,8.89%,12,13.33%,16,17.78%,15,16.67%,18,20.00%,16,17.78%,,,,,,,,,,,,,1,50.00%,,,1,50.00%,,
19,39,Premier League,England,https://media.api-sports.io/football/leagues/39.png,https://media.api-sports.io/flags/gb.svg,2023,1359,Luton,https://media.api-sports.io/football/teams/1359.png,LLLLDWLLDLDLWLLLWWLDWDLLLLDLDLLWLLLDL,18,19,37,4,2,6,4,4,8,10,13,23,26,24,50,1.4,1.3,1.4,8,15.69%,5,9.80%,6,11.76%,8,15.69%,7,13.73%,12,23.53%,5,9.80%,,,33,48,81,1.8,2.5,2.2,5,6.25%,9,11.25%,10,12.50%,16,20.00%,20,25.00%,16,20.00%,4,5.00%,,,2,1,4,4-0,2-3,1-5,5-1,4,4,5,5,2,0,2,1,4,5,4,100.00%,0,0%,4,"[{'formation': '3-4-2-1', 'played': 28}, {'formation': '5-3-2', 'played': 3}, {'formation': '3-4-3', 'played': 2}, {'formation': '4-4-2', 'played': 2}, {'formation': '3-5-2', 'played': 1}, {'formation': '4-3-3', 'played': 1}]",1,1.52%,11,16.67%,14,21.21%,13,19.70%,8,12.12%,13,19.70%,6,9.09%,,,,,,,,,,,,,,,,,,,,
